<?xml version="1.0" encoding="UTF-8"?>
<metadata xml:lang="en"><Esri><CreaDate>20250507</CreaDate><CreaTime>15355700</CreaTime><ArcGISFormat>1.0</ArcGISFormat><SyncOnce>FALSE</SyncOnce><DataProperties><lineage><Process ToolSource="c:\program files (x86)\arcgis\desktop10.1\ArcToolbox\Toolboxes\Data Management Tools.tbx\DefineProjection" Date="20130614" Time="133832" Name="" export="">DefineProjection New_Constituencies GEOGCS['GCS_WGS_1984',DATUM['D_WGS_1984',SPHEROID['WGS_1984',6378137.0,298.257223563]],PRIMEM['Greenwich',0.0],UNIT['Degree',0.0174532925199433]]</Process><Process ToolSource="c:\program files (x86)\arcgis\desktop10.1\ArcToolbox\Toolboxes\Data Management Tools.tbx\Project" Date="20130614" Time="134049" Name="" export="">Project New_Constituencies C:\Users\nngahahe-hangero.NSA\Documents\ArcGIS\Default.gdb\New_Constituencies_Project PROJCS['New_Namibian',GEOGCS['GCS_WGS_1984',DATUM['D_WGS_1984',SPHEROID['WGS_1984',6378137.0,298.257223563]],PRIMEM['Greenwich',0.0],UNIT['Degree',0.0174532925199433]],PROJECTION['Transverse_Mercator'],PARAMETER['False_Easting',600000.0],PARAMETER['False_Northing',10000000.0],PARAMETER['Central_Meridian',17.0],PARAMETER['Scale_Factor',1.0],PARAMETER['Latitude_Of_Origin',0.0],UNIT['Meter',1.0]] # GEOGCS['GCS_WGS_1984',DATUM['D_WGS_1984',SPHEROID['WGS_1984',6378137.0,298.257223563]],PRIMEM['Greenwich',0.0],UNIT['Degree',0.0174532925199433]]</Process><Process ToolSource="c:\program files (x86)\arcgis\desktop10.1\ArcToolbox\Toolboxes\Conversion Tools.tbx\FeatureClassToFeatureClass" Date="20130614" Time="135229" Name="" export="">FeatureClassToFeatureClass New_Constituencies_Project "Z:\GIS HEAD OFFICE\Census_Atlas\Final_Data_And_Templates\Namibia_Atlas_10.gdb\Generalized_Data_7mil" New_Constituency_For_Delimitation # "REGION "REGION" true true false 16 Text 0 0 ,First,#,C:\Users\nngahahe-hangero.NSA\Documents\ArcGIS\Default.gdb\New_Constituencies_Project,REGION,-1,-1;REGION_NUM "REGION_NUM" true true false 16 Text 0 0 ,First,#,C:\Users\nngahahe-hangero.NSA\Documents\ArcGIS\Default.gdb\New_Constituencies_Project,REGION_NUM,-1,-1;CONST "CONST" true true false 50 Text 0 0 ,First,#,C:\Users\nngahahe-hangero.NSA\Documents\ArcGIS\Default.gdb\New_Constituencies_Project,CONST,-1,-1;CONST_NUM "CONST_NUM" true true false 16 Text 0 0 ,First,#,C:\Users\nngahahe-hangero.NSA\Documents\ArcGIS\Default.gdb\New_Constituencies_Project,CONST_NUM,-1,-1;CONST_ID "CONST_ID" true true false 8 Double 0 0 ,First,#,C:\Users\nngahahe-hangero.NSA\Documents\ArcGIS\Default.gdb\New_Constituencies_Project,CONST_ID,-1,-1;AREA "AREA" true true false 8 Double 0 0 ,First,#,C:\Users\nngahahe-hangero.NSA\Documents\ArcGIS\Default.gdb\New_Constituencies_Project,AREA,-1,-1;GAVPrimary "GAVPrimary" true true false 8 Double 0 0 ,First,#,C:\Users\nngahahe-hangero.NSA\Documents\ArcGIS\Default.gdb\New_Constituencies_Project,GAVPrimary,-1,-1;ID "ID" true true false 8 Double 0 0 ,First,#,C:\Users\nngahahe-hangero.NSA\Documents\ArcGIS\Default.gdb\New_Constituencies_Project,ID,-1,-1;ID1 "ID1" true true false 8 Double 0 0 ,First,#,C:\Users\nngahahe-hangero.NSA\Documents\ArcGIS\Default.gdb\New_Constituencies_Project,ID1,-1,-1;Area1 "Area1" true true false 8 Double 0 0 ,First,#,C:\Users\nngahahe-hangero.NSA\Documents\ArcGIS\Default.gdb\New_Constituencies_Project,Area1,-1,-1;ID2 "ID2" true true false 8 Double 0 0 ,First,#,C:\Users\nngahahe-hangero.NSA\Documents\ArcGIS\Default.gdb\New_Constituencies_Project,ID2,-1,-1;Population "Population" true true false 4 Long 0 0 ,First,#,C:\Users\nngahahe-hangero.NSA\Documents\ArcGIS\Default.gdb\New_Constituencies_Project,Population,-1,-1;Shape_Length "Shape_Length" false true true 8 Double 0 0 ,First,#,C:\Users\nngahahe-hangero.NSA\Documents\ArcGIS\Default.gdb\New_Constituencies_Project,Shape_Length,-1,-1;Shape_Area "Shape_Area" false true true 8 Double 0 0 ,First,#,C:\Users\nngahahe-hangero.NSA\Documents\ArcGIS\Default.gdb\New_Constituencies_Project,Shape_Area,-1,-1" #</Process><Process ToolSource="c:\program files (x86)\arcgis\desktop10.1\ArcToolbox\Toolboxes\Data Management Tools.tbx\CalculateField" Date="20130614" Time="143949" Name="" export="">CalculateField New_Constituency_For_Delimitation New_Constituency 0 VB #</Process><Process ToolSource="c:\program files (x86)\arcgis\desktop10.1\ArcToolbox\Toolboxes\Data Management Tools.tbx\CalculateField" Date="20130614" Time="145412" Name="" export="">CalculateField New_Constituency_For_Delimitation WHD 0 VB #</Process><Process ToolSource="c:\program files (x86)\arcgis\desktop10.1\ArcToolbox\Toolboxes\Data Management Tools.tbx\CalculateField" Date="20130614" Time="153201" Name="" export="">CalculateField New_Constituency_For_Delimitation NorthCent 1 VB #</Process><Process ToolSource="c:\program files (x86)\arcgis\desktop10.1\ArcToolbox\Toolboxes\Data Management Tools.tbx\CalculateField" Date="20130614" Time="153247" Name="" export="">CalculateField New_Constituency_For_Delimitation NorthCent 1 VB #</Process><Process ToolSource="c:\program files (x86)\arcgis\desktop10.1\ArcToolbox\Toolboxes\Data Management Tools.tbx\CalculateField" Date="20130614" Time="153324" Name="" export="">CalculateField New_Constituency_For_Delimitation NorthCent 1 VB #</Process><Process ToolSource="c:\program files (x86)\arcgis\desktop10.1\ArcToolbox\Toolboxes\Data Management Tools.tbx\CalculateField" Date="20130614" Time="155726" Name="" export="">CalculateField New_Constituency_For_Delimitation NorthCent 0 VB #</Process><Process ToolSource="c:\program files (x86)\arcgis\desktop10.1\ArcToolbox\Toolboxes\Conversion Tools.tbx\FeatureClassToFeatureClass" Date="20130812" Time="082151" Name="" export="">FeatureClassToFeatureClass "Z:\GIS HEAD OFFICE\David Emvula\Namibia_Atlas_10.gdb\Generalized_Data_7mil\New_Constituency_For_Delimitation" F:\Delimitation Constituency.shp # "REGION "REGION" true true false 16 Text 0 0 ,First,#,Z:\GIS HEAD OFFICE\David Emvula\Namibia_Atlas_10.gdb\Generalized_Data_7mil\New_Constituency_For_Delimitation,REGION,-1,-1;REGION_NUM "REGION_NUM" true true false 16 Text 0 0 ,First,#,Z:\GIS HEAD OFFICE\David Emvula\Namibia_Atlas_10.gdb\Generalized_Data_7mil\New_Constituency_For_Delimitation,REGION_NUM,-1,-1;CONST "CONST" true true false 50 Text 0 0 ,First,#,Z:\GIS HEAD OFFICE\David Emvula\Namibia_Atlas_10.gdb\Generalized_Data_7mil\New_Constituency_For_Delimitation,CONST,-1,-1;CONST_NUM "CONST_NUM" true true false 16 Text 0 0 ,First,#,Z:\GIS HEAD OFFICE\David Emvula\Namibia_Atlas_10.gdb\Generalized_Data_7mil\New_Constituency_For_Delimitation,CONST_NUM,-1,-1;CONST_ID "CONST_ID" true true false 8 Double 0 0 ,First,#,Z:\GIS HEAD OFFICE\David Emvula\Namibia_Atlas_10.gdb\Generalized_Data_7mil\New_Constituency_For_Delimitation,CONST_ID,-1,-1;AREA "AREA" true true false 8 Double 0 0 ,First,#,Z:\GIS HEAD OFFICE\David Emvula\Namibia_Atlas_10.gdb\Generalized_Data_7mil\New_Constituency_For_Delimitation,AREA,-1,-1;GAVPrimary "GAVPrimary" true true false 8 Double 0 0 ,First,#,Z:\GIS HEAD OFFICE\David Emvula\Namibia_Atlas_10.gdb\Generalized_Data_7mil\New_Constituency_For_Delimitation,GAVPrimary,-1,-1;ID "ID" true true false 8 Double 0 0 ,First,#,Z:\GIS HEAD OFFICE\David Emvula\Namibia_Atlas_10.gdb\Generalized_Data_7mil\New_Constituency_For_Delimitation,ID,-1,-1;ID1 "ID1" true true false 8 Double 0 0 ,First,#,Z:\GIS HEAD OFFICE\David Emvula\Namibia_Atlas_10.gdb\Generalized_Data_7mil\New_Constituency_For_Delimitation,ID1,-1,-1;Area1 "Area1" true true false 8 Double 0 0 ,First,#,Z:\GIS HEAD OFFICE\David Emvula\Namibia_Atlas_10.gdb\Generalized_Data_7mil\New_Constituency_For_Delimitation,Area1,-1,-1;ID2 "ID2" true true false 8 Double 0 0 ,First,#,Z:\GIS HEAD OFFICE\David Emvula\Namibia_Atlas_10.gdb\Generalized_Data_7mil\New_Constituency_For_Delimitation,ID2,-1,-1;Population "Population" true true false 4 Long 0 0 ,First,#,Z:\GIS HEAD OFFICE\David Emvula\Namibia_Atlas_10.gdb\Generalized_Data_7mil\New_Constituency_For_Delimitation,Population,-1,-1;New_Consti "New_Constituency" true true false 50 Text 0 0 ,First,#,Z:\GIS HEAD OFFICE\David Emvula\Namibia_Atlas_10.gdb\Generalized_Data_7mil\New_Constituency_For_Delimitation,New_Constituency,-1,-1;WHD "WHD" true true false 50 Text 0 0 ,First,#,Z:\GIS HEAD OFFICE\David Emvula\Namibia_Atlas_10.gdb\Generalized_Data_7mil\New_Constituency_For_Delimitation,WHD,-1,-1;NorthCent "NorthCent" true true false 50 Text 0 0 ,First,#,Z:\GIS HEAD OFFICE\David Emvula\Namibia_Atlas_10.gdb\Generalized_Data_7mil\New_Constituency_For_Delimitation,NorthCent,-1,-1;Shape_Leng "Shape_Length" false true true 8 Double 0 0 ,First,#,Z:\GIS HEAD OFFICE\David Emvula\Namibia_Atlas_10.gdb\Generalized_Data_7mil\New_Constituency_For_Delimitation,Shape_Length,-1,-1;Shape_Area "Shape_Area" false true true 8 Double 0 0 ,First,#,Z:\GIS HEAD OFFICE\David Emvula\Namibia_Atlas_10.gdb\Generalized_Data_7mil\New_Constituency_For_Delimitation,Shape_Area,-1,-1" #</Process><Process ToolSource="c:\program files (x86)\arcgis\desktop10.8\ArcToolbox\Toolboxes\Data Management Tools.tbx\AddField" Date="20230925" Time="013800">AddField "Oshikoto selection" num SHORT 10 # # # NULLABLE NON_REQUIRED #</Process><Process ToolSource="c:\program files (x86)\arcgis\desktop10.8\ArcToolbox\Toolboxes\Data Management Tools.tbx\AddField" Date="20230925" Time="020637">AddField Oshikoto mon SHORT 10 # # # NULLABLE NON_REQUIRED #</Process><Process ToolSource="c:\program files (x86)\arcgis\desktop10.8\ArcToolbox\Toolboxes\Data Management Tools.tbx\AddField" Date="20230925" Time="021514">AddField "Oshikoto selection" count SHORT 10 # # # NULLABLE NON_REQUIRED #</Process><Process ToolSource="c:\program files (x86)\arcgis\desktop10.8\ArcToolbox\Toolboxes\Data Management Tools.tbx\AddField" Date="20230925" Time="021711">AddField "Oshikoto selection" Robbery SHORT 10 # # # NULLABLE NON_REQUIRED #</Process></lineage><itemProps><itemLocation><linkage Sync="TRUE">file://\\NNGAHAHE-HANGER\F\Delimitation\Constituency.shp</linkage><protocol Sync="TRUE">Local Area Network</protocol></itemLocation><itemName Sync="TRUE">Constituency</itemName><imsContentType Sync="TRUE">002</imsContentType><itemSize Sync="TRUE">0.000</itemSize></itemProps><coordRef><type Sync="TRUE">Projected</type><geogcsn Sync="TRUE">GCS_WGS_1984</geogcsn><csUnits Sync="TRUE">Linear Unit: Meter (1.000000)</csUnits><projcsn Sync="TRUE">Namibia</projcsn><peXml Sync="TRUE">&lt;ProjectedCoordinateSystem xsi:type='typens:ProjectedCoordinateSystem' xmlns:xsi='http://www.w3.org/2001/XMLSchema-instance' xmlns:xs='http://www.w3.org/2001/XMLSchema' xmlns:typens='http://www.esri.com/schemas/ArcGIS/10.1'&gt;&lt;WKT&gt;PROJCS[&amp;quot;Namibia&amp;quot;,GEOGCS[&amp;quot;GCS_WGS_1984&amp;quot;,DATUM[&amp;quot;D_WGS_1984&amp;quot;,SPHEROID[&amp;quot;WGS_1984&amp;quot;,6378137.0,298.257223563]],PRIMEM[&amp;quot;Greenwich&amp;quot;,0.0],UNIT[&amp;quot;Degree&amp;quot;,0.0174532925199433]],PROJECTION[&amp;quot;Transverse_Mercator&amp;quot;],PARAMETER[&amp;quot;False_Easting&amp;quot;,600000.0],PARAMETER[&amp;quot;False_Northing&amp;quot;,10000000.0],PARAMETER[&amp;quot;Central_Meridian&amp;quot;,17.0],PARAMETER[&amp;quot;Scale_Factor&amp;quot;,1.0],PARAMETER[&amp;quot;Latitude_Of_Origin&amp;quot;,0.0],UNIT[&amp;quot;Meter&amp;quot;,1.0]]&lt;/WKT&gt;&lt;XOrigin&gt;-5023200&lt;/XOrigin&gt;&lt;YOrigin&gt;-2100&lt;/YOrigin&gt;&lt;XYScale&gt;450265407.00157917&lt;/XYScale&gt;&lt;ZOrigin&gt;-100000&lt;/ZOrigin&gt;&lt;ZScale&gt;10000&lt;/ZScale&gt;&lt;MOrigin&gt;-100000&lt;/MOrigin&gt;&lt;MScale&gt;10000&lt;/MScale&gt;&lt;XYTolerance&gt;0.001&lt;/XYTolerance&gt;&lt;ZTolerance&gt;0.001&lt;/ZTolerance&gt;&lt;MTolerance&gt;0.001&lt;/MTolerance&gt;&lt;HighPrecision&gt;true&lt;/HighPrecision&gt;&lt;/ProjectedCoordinateSystem&gt;</peXml></coordRef></DataProperties><SyncDate>20130812</SyncDate><SyncTime>08215000</SyncTime><ModDate>20130812</ModDate><ModTime>08215000</ModTime><ArcGISProfile>ItemDescription</ArcGISProfile></Esri><dataIdInfo><envirDesc Sync="TRUE">Microsoft Windows 7 Version 6.1 (Build 7601) Service Pack 1; Esri ArcGIS 10.1.0.3035</envirDesc><dataLang><languageCode value="eng" Sync="TRUE"/><countryCode value="ZAF" Sync="TRUE"/></dataLang><idCitation><resTitle Sync="TRUE">Constituency</resTitle><presForm><PresFormCd value="005" Sync="TRUE"/></presForm></idCitation><spatRpType><SpatRepTypCd value="001" Sync="TRUE"/></spatRpType><idPurp>in new Namibia projection</idPurp><idAbs>&lt;DIV STYLE="text-align:Left;"&gt;&lt;DIV&gt;&lt;P&gt;&lt;SPAN&gt;boundaries of revised constituencies&lt;/SPAN&gt;&lt;/P&gt;&lt;/DIV&gt;&lt;/DIV&gt;</idAbs><idCredit>DSM Directorate of Surveying and Mapping</idCredit><searchKeys><keyword>Constituency boundaries as revised in 2013</keyword></searchKeys></dataIdInfo><mdLang><languageCode value="eng" Sync="TRUE"/><countryCode value="ZAF" Sync="TRUE"/></mdLang><distInfo><distFormat><formatName Sync="TRUE">Shapefile</formatName></distFormat><distTranOps><transSize Sync="TRUE">0.000</transSize></distTranOps></distInfo><mdHrLv><ScopeCd value="005" Sync="TRUE"/></mdHrLv><mdHrLvName Sync="TRUE">dataset</mdHrLvName><refSysInfo><RefSystem><refSysID><identCode code="0" Sync="TRUE" value="0"/></refSysID></RefSystem></refSysInfo><spatRepInfo><VectSpatRep><geometObjs Name="Constituency"><geoObjTyp><GeoObjTypCd value="002" Sync="TRUE"/></geoObjTyp><geoObjCnt Sync="TRUE">0</geoObjCnt></geometObjs><topLvl><TopoLevCd value="001" Sync="TRUE"/></topLvl></VectSpatRep></spatRepInfo><spdoinfo><ptvctinf><esriterm Name="Constituency"><efeatyp Sync="TRUE">Simple</efeatyp><efeageom code="4" Sync="TRUE"/><esritopo Sync="TRUE">FALSE</esritopo><efeacnt Sync="TRUE">0</efeacnt><spindex Sync="TRUE">FALSE</spindex><linrefer Sync="TRUE">FALSE</linrefer></esriterm></ptvctinf></spdoinfo><eainfo><detailed Name="Constituency"><enttyp><enttypl Sync="TRUE">Constituency</enttypl><enttypt Sync="TRUE">Feature Class</enttypt><enttypc Sync="TRUE">0</enttypc></enttyp><attr><attrlabl Sync="TRUE">FID</attrlabl><attalias Sync="TRUE">FID</attalias><attrtype Sync="TRUE">OID</attrtype><attwidth Sync="TRUE">4</attwidth><atprecis Sync="TRUE">0</atprecis><attscale Sync="TRUE">0</attscale><attrdef Sync="TRUE">Internal feature number.</attrdef><attrdefs Sync="TRUE">Esri</attrdefs><attrdomv><udom Sync="TRUE">Sequential unique whole numbers that are automatically generated.</udom></attrdomv></attr><attr><attrlabl Sync="TRUE">Shape</attrlabl><attalias Sync="TRUE">Shape</attalias><attrtype Sync="TRUE">Geometry</attrtype><attwidth Sync="TRUE">0</attwidth><atprecis Sync="TRUE">0</atprecis><attscale Sync="TRUE">0</attscale><attrdef Sync="TRUE">Feature geometry.</attrdef><attrdefs Sync="TRUE">Esri</attrdefs><attrdomv><udom Sync="TRUE">Coordinates defining the features.</udom></attrdomv></attr><attr><attrlabl Sync="TRUE">REGION</attrlabl><attalias Sync="TRUE">REGION</attalias><attrtype Sync="TRUE">String</attrtype><attwidth Sync="TRUE">16</attwidth><atprecis Sync="TRUE">0</atprecis><attscale Sync="TRUE">0</attscale></attr><attr><attrlabl Sync="TRUE">REGION_NUM</attrlabl><attalias Sync="TRUE">REGION_NUM</attalias><attrtype Sync="TRUE">String</attrtype><attwidth Sync="TRUE">16</attwidth><atprecis Sync="TRUE">0</atprecis><attscale Sync="TRUE">0</attscale></attr><attr><attrlabl Sync="TRUE">CONST</attrlabl><attalias Sync="TRUE">CONST</attalias><attrtype Sync="TRUE">String</attrtype><attwidth Sync="TRUE">50</attwidth><atprecis Sync="TRUE">0</atprecis><attscale Sync="TRUE">0</attscale></attr><attr><attrlabl Sync="TRUE">CONST_NUM</attrlabl><attalias Sync="TRUE">CONST_NUM</attalias><attrtype Sync="TRUE">String</attrtype><attwidth Sync="TRUE">16</attwidth><atprecis Sync="TRUE">0</atprecis><attscale Sync="TRUE">0</attscale></attr><attr><attrlabl Sync="TRUE">CONST_ID</attrlabl><attalias Sync="TRUE">CONST_ID</attalias><attrtype Sync="TRUE">Double</attrtype><attwidth Sync="TRUE">19</attwidth><atprecis Sync="TRUE">0</atprecis><attscale Sync="TRUE">0</attscale></attr><attr><attrlabl Sync="TRUE">AREA</attrlabl><attalias Sync="TRUE">AREA</attalias><attrtype Sync="TRUE">Double</attrtype><attwidth Sync="TRUE">19</attwidth><atprecis Sync="TRUE">0</atprecis><attscale Sync="TRUE">0</attscale></attr><attr><attrlabl Sync="TRUE">GAVPrimary</attrlabl><attalias Sync="TRUE">GAVPrimary</attalias><attrtype Sync="TRUE">Double</attrtype><attwidth Sync="TRUE">19</attwidth><atprecis Sync="TRUE">0</atprecis><attscale Sync="TRUE">0</attscale></attr><attr><attrlabl Sync="TRUE">ID</attrlabl><attalias Sync="TRUE">ID</attalias><attrtype Sync="TRUE">Double</attrtype><attwidth Sync="TRUE">19</attwidth><atprecis Sync="TRUE">0</atprecis><attscale Sync="TRUE">0</attscale></attr><attr><attrlabl Sync="TRUE">ID1</attrlabl><attalias Sync="TRUE">ID1</attalias><attrtype Sync="TRUE">Double</attrtype><attwidth Sync="TRUE">19</attwidth><atprecis Sync="TRUE">0</atprecis><attscale Sync="TRUE">0</attscale></attr><attr><attrlabl Sync="TRUE">Area1</attrlabl><attalias Sync="TRUE">Area1</attalias><attrtype Sync="TRUE">Double</attrtype><attwidth Sync="TRUE">19</attwidth><atprecis Sync="TRUE">0</atprecis><attscale Sync="TRUE">0</attscale></attr><attr><attrlabl Sync="TRUE">ID2</attrlabl><attalias Sync="TRUE">ID2</attalias><attrtype Sync="TRUE">Double</attrtype><attwidth Sync="TRUE">19</attwidth><atprecis Sync="TRUE">0</atprecis><attscale Sync="TRUE">0</attscale></attr><attr><attrlabl Sync="TRUE">Population</attrlabl><attalias Sync="TRUE">Population</attalias><attrtype Sync="TRUE">Integer</attrtype><attwidth Sync="TRUE">9</attwidth><atprecis Sync="TRUE">9</atprecis><attscale Sync="TRUE">0</attscale></attr><attr><attrlabl Sync="TRUE">New_Consti</attrlabl><attalias Sync="TRUE">New_Consti</attalias><attrtype Sync="TRUE">String</attrtype><attwidth Sync="TRUE">50</attwidth><atprecis Sync="TRUE">0</atprecis><attscale Sync="TRUE">0</attscale></attr><attr><attrlabl Sync="TRUE">WHD</attrlabl><attalias Sync="TRUE">WHD</attalias><attrtype Sync="TRUE">String</attrtype><attwidth Sync="TRUE">50</attwidth><atprecis Sync="TRUE">0</atprecis><attscale Sync="TRUE">0</attscale></attr><attr><attrlabl Sync="TRUE">NorthCent</attrlabl><attalias Sync="TRUE">NorthCent</attalias><attrtype Sync="TRUE">String</attrtype><attwidth Sync="TRUE">50</attwidth><atprecis Sync="TRUE">0</atprecis><attscale Sync="TRUE">0</attscale></attr><attr><attrlabl Sync="TRUE">Shape_Leng</attrlabl><attalias Sync="TRUE">Shape_Leng</attalias><attrtype Sync="TRUE">Double</attrtype><attwidth Sync="TRUE">19</attwidth><atprecis Sync="TRUE">0</atprecis><attscale Sync="TRUE">0</attscale></attr><attr><attrlabl Sync="TRUE">Shape_Area</attrlabl><attalias Sync="TRUE">Shape_Area</attalias><attrtype Sync="TRUE">Double</attrtype><attwidth Sync="TRUE">19</attwidth><atprecis Sync="TRUE">0</atprecis><attscale Sync="TRUE">0</attscale><attrdef Sync="TRUE">Area of feature in internal units squared.</attrdef><attrdefs Sync="TRUE">Esri</attrdefs><attrdomv><udom Sync="TRUE">Positive real numbers that are automatically generated.</udom></attrdomv></attr></detailed></eainfo><mdDateSt Sync="TRUE">20130812</mdDateSt></metadata>
